"legacy_url","legacy_title","legacy_word_count","candidate_1_slug","candidate_1_title","candidate_1_score","candidate_2_slug","candidate_2_title","candidate_2_score","candidate_3_slug","candidate_3_title","candidate_3_score","decision","notes"
"https://comint.by/cifrovaya-pechat/bejdzh/","Изготовление и печать бейджей","226","izgotovlenie-i-pechat-beydzhey","Изготовление и печать бейджей","1.000","izgotovlenie-i-pechat-vizitok","Изготовление и печать визиток","0.667","izgotovlenie-i-pechat-otkrytok","Изготовление и печать открыток","0.667","",""
"https://comint.by/cifrovaya-pechat/bloki-dlya-zapisej-kub-bloki/","Блоки для записей, куб-блоки","44","bloki-dlya-zapisey-kub-bloki","Блоки для записей, куб-блоки","1.000","magnity-i-bloki-dlya-zapisi","Магниты и блоки для записи","0.500","skinali-dlya-kuhni","Скинали для кухни","0.286","",""
"https://comint.by/cifrovaya-pechat/bloknoty/","Изготовление и печать блокнотов с логотипом","371","izgotovlenie-i-pechat-bloknotov-s-logotipom","Изготовление и печать блокнотов с логотипом","1.000","izgotovlenie-i-pechat-beydzhey","Изготовление и печать бейджей","0.571","izgotovlenie-i-pechat-vizitok","Изготовление и печать визиток","0.571","",""
"https://comint.by/cifrovaya-pechat/broshury/","Печать брошюр","237","pechat-broshyur","Печать брошюр","1.000","uf-pechat","УФ печать","0.667","pechat-bannerov","Печать баннеров","0.500","",""
"https://comint.by/cifrovaya-pechat/buklety/","Рекламные буклеты — печать, изготовление и разработка дизайна","306","reklamnye-buklety-pechat-izgotovlenie-i-dizayn","Рекламные буклеты: печать, изготовление и дизайн","0.727","izgotovlenie-i-pechat-beydzhey","Изготовление и печать бейджей","0.444","izgotovlenie-i-pechat-vizitok","Изготовление и печать визиток","0.444","",""
"https://comint.by/cifrovaya-pechat/cenniki/","Печать ценников","250","pechat-tsennikov","Печать ценников","1.000","uf-pechat","УФ печать","0.667","pechat-bannerov","Печать баннеров","0.500","",""
"https://comint.by/cifrovaya-pechat/design-poligrafii/","Дизайн полиграфии","52","dizayn-poligrafii","Дизайн полиграфии","1.000","dizayn-i-proektirovanie-vystavochnyh-stendov","Дизайн и проектирование выставочных стендов","0.333","reklamnye-buklety-pechat-izgotovlenie-i-dizayn","Рекламные буклеты: печать, изготовление и дизайн","0.286","",""
"https://comint.by/cifrovaya-pechat/discount/","Дисконтные карты в Минске","139","diskontnye-karty","Дисконтные карты","0.960","akrilovye-paneli","Акриловые панели","0.000","bloki-dlya-zapisey-kub-bloki","Блоки для записей, куб-блоки","0.000","",""
"https://comint.by/cifrovaya-pechat/firmennye-konverty-s-logotipom/","Фирменные конверты с логотипом","103","firmennye-konverty-s-logotipom","Фирменные конверты с логотипом","1.000","firmennye-bumazhnye-pakety-s-logotipom","Фирменные бумажные пакеты с логотипом","0.571","breloki-s-logotipom","Брелоки с логотипом","0.400","",""
"https://comint.by/cifrovaya-pechat/flaery/","Печать флаеров","169","pechat-flaerov","Печать флаеров","1.000","uf-pechat","УФ печать","0.667","pechat-bannerov","Печать баннеров","0.500","",""
"https://comint.by/cifrovaya-pechat/garantijnye-talony/","Гарантийные талоны","116","garantiynye-talony","Гарантийные талоны","1.000","garantiynye-plomby-pechatnye","Гарантийные пломбы печатные","0.400","akrilovye-paneli","Акриловые панели","0.000","",""
"https://comint.by/cifrovaya-pechat/instrukciya/","Печать инструкций","96","pechat-instruktsiy","Печать инструкций","1.000","uf-pechat","УФ печать","0.667","pechat-bannerov","Печать баннеров","0.500","",""
"https://comint.by/cifrovaya-pechat/izgotovlenie-birok-i-yarlykov/","Изготовление бирок и ярлыков","165","izgotovlenie-birok-i-yarlykov","Изготовление бирок и ярлыков","1.000","izgotovlenie-znakov-bezopasnosti","Изготовление знаков безопасности","0.333","izgotovlenie-i-pechat-beydzhey","Изготовление и печать бейджей","0.333","",""
"https://comint.by/cifrovaya-pechat/izgotovlenie-i-pechat-otkrytok/","Изготовление и печать открыток","149","izgotovlenie-i-pechat-otkrytok","Изготовление и печать открыток","1.000","izgotovlenie-i-pechat-beydzhey","Изготовление и печать бейджей","0.667","izgotovlenie-i-pechat-vizitok","Изготовление и печать визиток","0.667","",""
"https://comint.by/cifrovaya-pechat/izgotovlenie-i-pechat-vizitok/","Изготовление и печать визиток","286","izgotovlenie-i-pechat-vizitok","Изготовление и печать визиток","1.000","izgotovlenie-i-pechat-beydzhey","Изготовление и печать бейджей","0.667","izgotovlenie-i-pechat-otkrytok","Изготовление и печать открыток","0.667","",""
"https://comint.by/cifrovaya-pechat/kartochki-s-telefonom-dlya-mashin/","Карточки с номером телефона для машин","107","kartochki-s-nomerom-telefona-dlya-mashin","Карточки с номером телефона для машин","1.000","skinali-dlya-kuhni","Скинали для кухни","0.250","suveniry-dlya-medrabotnikov","Сувениры для медработников","0.250","",""
"https://comint.by/cifrovaya-pechat/katalogi/","Печать каталогов","57","pechat-katalogov","Печать каталогов","1.000","uf-pechat","УФ печать","0.667","pechat-bannerov","Печать баннеров","0.500","",""
"https://comint.by/cifrovaya-pechat/magnityi-blok/","Магниты и блоки для записи","27","magnity-i-bloki-dlya-zapisi","Магниты и блоки для записи","1.000","bloki-dlya-zapisey-kub-bloki","Блоки для записей, куб-блоки","0.500","skinali-dlya-kuhni","Скинали для кухни","0.286","",""
"https://comint.by/cifrovaya-pechat/papki/","Печать и изготовление фирменных папок","190","pechat-i-izgotovlenie-firmennyh-papok","Печать и изготовление фирменных папок","1.000","izgotovlenie-i-pechat-beydzhey","Изготовление и печать бейджей","0.571","izgotovlenie-i-pechat-vizitok","Изготовление и печать визиток","0.571","",""
"https://comint.by/cifrovaya-pechat/pechat-firmennyh-blankov/","Печать фирменных бланков","156","pechat-firmennyh-blankov","Печать фирменных бланков","1.000","pechat-i-izgotovlenie-firmennyh-papok","Печать и изготовление фирменных папок","0.571","uf-pechat","УФ печать","0.500","",""
"https://comint.by/cifrovaya-pechat/pechat-listovok/","Печать рекламных листовок","348","pechat-reklamnyh-listovok","Печать рекламных листовок","1.000","pechat-reklamnyh-plakatov-i-afish","Печать рекламных плакатов и афиш","0.571","uf-pechat","УФ печать","0.500","",""
"https://comint.by/cifrovaya-pechat/pechat-menyu/","Печать меню","109","pechat-menyu","Печать меню","1.000","uf-pechat","УФ печать","0.667","pechat-bannerov","Печать баннеров","0.500","",""
"https://comint.by/cifrovaya-pechat/plakaty-afishy/","Печать рекламных плакатов и афиш","172","pechat-reklamnyh-plakatov-i-afish","Печать рекламных плакатов и афиш","1.000","pechat-reklamnyh-listovok","Печать рекламных листовок","0.571","pechat-posterov-i-plakatov-bolshogo-formata","Печать постеров и плакатов большого формата","0.444","",""
"https://comint.by/cifrovaya-pechat/price_list/","Разработка и печать прайс-листов","15","razrabotka-i-pechat-prays-listov","Разработка и печать прайс-листов","1.000","uf-pechat","УФ печать","0.400","pechat-bannerov","Печать баннеров","0.333","",""
"https://comint.by/cifrovaya-pechat/priglasheniya-bilety/","Печать пригласительных и входных билетов","12","pechat-priglasitelnyh-i-vhodnyh-biletov","Печать пригласительных и входных билетов","1.000","uf-pechat","УФ печать","0.400","pechat-bannerov","Печать баннеров","0.333","",""
"https://comint.by/cifrovaya-pechat/propusk/","Печать и изготовление пропусков","233","pechat-i-izgotovlenie-propuskov","Печать и изготовление пропусков","1.000","izgotovlenie-i-pechat-beydzhey","Изготовление и печать бейджей","0.667","izgotovlenie-i-pechat-vizitok","Изготовление и печать визиток","0.667","",""
"https://comint.by/cifrovaya-pechat/razdatochnue_materialu/","Раздаточные материалы","60","razdatochnye-materialy","Раздаточные материалы","1.000","pos-materialy","POS-материалы","0.500","akrilovye-paneli","Акриловые панели","0.000","",""
"https://comint.by/cifrovaya-pechat/sertifikaty-diplomy/","Печать сертификатов, дипломов, благодарностей","140","pechat-sertifikatov-diplomov-blagodarnostey","Печать сертификатов, дипломов, благодарностей","1.000","uf-pechat","УФ печать","0.400","pechat-bannerov","Печать баннеров","0.333","",""
"https://comint.by/cifrovaya-pechat/svadebnaya-poligraphiya/","Рассадки и пригласительные на свадьбу","387","rassadki-i-priglasitelnye-na-svadbu","Рассадки и пригласительные на свадьбу","1.000","akrilovye-paneli","Акриловые панели","0.000","bloki-dlya-zapisey-kub-bloki","Блоки для записей, куб-блоки","0.000","",""
"https://comint.by/decor-interjera/fotografii/","Печать фотографий большого формата","470","pechat-fotografiy-bolshogo-formata","Печать фотографий большого формата","1.000","pechat-posterov-i-plakatov-bolshogo-formata","Печать постеров и плакатов большого формата","0.667","pechat-na-holste-reproduktsiy-kartin-i-fotografiy","Печать на холсте репродукций картин и фотографий","0.444","",""
"https://comint.by/decor-interjera/fotooboi/","Изготовление фотообоев на заказ","240","izgotovlenie-fotooboev-na-zakaz","Изготовление фотообоев на заказ","1.000","izgotovlenie-birok-i-yarlykov","Изготовление бирок и ярлыков","0.333","izgotovlenie-znakov-bezopasnosti","Изготовление знаков безопасности","0.333","",""
"https://comint.by/decor-interjera/matirovanie-stekol/","Матирование стекла пленкой с эффектом «иней»","345","matirovanie-stekla-plenkoy-s-effektom-iney","Матирование стекла пленкой с эффектом «иней»","1.000","akrilovye-paneli","Акриловые панели","0.000","bloki-dlya-zapisey-kub-bloki","Блоки для записей, куб-блоки","0.000","",""
"https://comint.by/decor-interjera/naklejki-na-stenyi-i-mebel/","Декоративные наклейки на стены и мебель, стикеры на холодильник","346","dekorativnye-nakleyki-na-steny-i-mebel-stikery-na-holodilnik","Декоративные наклейки на стены и мебель, стикеры на холодильник","1.000","nakleyki-na-avto","Наклейки на авто","0.250","napolnye-nakleyki","Напольные наклейки","0.250","",""
"https://comint.by/decor-interjera/pechat-na-xolste/","Печать на холсте репродукций картин и фотографий","406","pechat-na-holste-reproduktsiy-kartin-i-fotografiy","Печать на холсте репродукций картин и фотографий","1.000","pechat-fotografiy-bolshogo-formata","Печать фотографий большого формата","0.444","uf-pechat","УФ печать","0.333","",""
"https://comint.by/decor-interjera/posteryi-i-plakatyi/","Печать постеров и плакатов большого формата","117","pechat-posterov-i-plakatov-bolshogo-formata","Печать постеров и плакатов большого формата","1.000","pechat-fotografiy-bolshogo-formata","Печать фотографий большого формата","0.667","pechat-reklamnyh-plakatov-i-afish","Печать рекламных плакатов и афиш","0.444","",""
"https://comint.by/decor-interjera/skinali/","Скинали для кухни","155","skinali-dlya-kuhni","Скинали для кухни","1.000","suveniry-dlya-medrabotnikov","Сувениры для медработников","0.333","trafarety-dlya-dekora","Трафареты для декора","0.333","",""
"https://comint.by/decor-interjera/trafaretyi-dlya-okraski-sten/","Трафареты для декора","118","trafarety-dlya-dekora","Трафареты для декора","1.000","samokleyaschiesya-trafarety","Самоклеящиеся трафареты","0.400","skinali-dlya-kuhni","Скинали для кухни","0.333","",""
"https://comint.by/info-pos/akrilovye-paneli/","Акриловые панели","352","akrilovye-paneli","Акриловые панели","1.000","bloki-dlya-zapisey-kub-bloki","Блоки для записей, куб-блоки","0.000","breloki-s-logotipom","Брелоки с логотипом","0.000","",""
"https://comint.by/info-pos/czennikoderzhateli-iz-plastika-i-orgstekla/","Ценникодержатели из пластика и оргстекла","132","tsennikoderzhateli-iz-plastika-i-orgstekla","Ценникодержатели из пластика и оргстекла","1.000","podstavki-pod-tovary-iz-orgstekla","Подставки под товары из оргстекла","0.286","podstavki-pod-poligraficheskuyu-produktsiyu-iz-orgstekla","Подставки под полиграфическую продукцию из оргстекла","0.250","",""
"https://comint.by/info-pos/garderobnye-nomerki-birki-i-nomerki-dlya-klyuchej/","Гардеробные номерки, бирки и номерки для ключей","162","garderobnye-nomerki-birki-i-nomerki-dlya-klyuchey","Гардеробные номерки, бирки и номерки для ключей","1.000","skinali-dlya-kuhni","Скинали для кухни","0.250","suveniry-dlya-medrabotnikov","Сувениры для медработников","0.250","",""
"https://comint.by/info-pos/hengery-izgotovlenie-i-pechat-hengerov/","Хенгеры, изготовление и печать хенгеров","271","hengery-izgotovlenie-i-pechat","Хенгеры: изготовление и печать","1.000","izgotovlenie-i-pechat-beydzhey","Изготовление и печать бейджей","0.571","izgotovlenie-i-pechat-vizitok","Изготовление и печать визиток","0.571","",""
"https://comint.by/info-pos/izgotovlenie-reklamnyh-mobajlov/","Изготовление рекламных мобайлов","309","izgotovlenie-reklamnyh-mobaylov","Изготовление рекламных мобайлов","1.000","izgotovlenie-reklamnyh-pilonov","Изготовление рекламных пилонов","0.667","izgotovlenie-naruzhnyh-reklamnyh-vyvesok","Изготовление наружных рекламных вывесок","0.571","",""
"https://comint.by/info-pos/izgotovlenie-torgovoj-atributiki/","Изготовление торговой атрибутики","5","izgotovlenie-torgovoy-atributiki","Изготовление торговой атрибутики","1.000","izgotovlenie-birok-i-yarlykov","Изготовление бирок и ярлыков","0.333","izgotovlenie-znakov-bezopasnosti","Изготовление знаков безопасности","0.333","",""
"https://comint.by/info-pos/kompleksnoe-oformlenie-mest-prodazh/","Комплексное оформление магазина, рекламное оформление торгового зала","729","kompleksnoe-oformlenie-magazina-reklamnoe-oformlenie-torgovogo-zala","Комплексное оформление магазина / рекламное оформление торгового зала","1.000","oformlenie-pasporta-naruzhnoy-reklamy","Оформление паспорта наружной рекламы","0.200","oformlenie-vitrin-magazinov-reklama-na-vitrinah","Оформление витрин магазинов, реклама на витринах","0.182","",""
"https://comint.by/info-pos/mulyazhi-produktov/","Муляжи продуктов","242","mulyazhi-produktov","Муляжи продуктов","1.000","akrilovye-paneli","Акриловые панели","0.000","bloki-dlya-zapisey-kub-bloki","Блоки для записей, куб-блоки","0.000","",""
"https://comint.by/info-pos/pechat-shelftokerov/","Печать шелфтокеров","231","pechat-shelftokerov","Печать шелфтокеров","1.000","uf-pechat","УФ печать","0.667","pechat-bannerov","Печать баннеров","0.500","",""
"https://comint.by/info-pos/podstavki-pod-poligraficheskuyu-produkcziyu-iz-orgstekla/","Подставки под полиграфическую продукцию из оргстекла","193","podstavki-pod-poligraficheskuyu-produktsiyu-iz-orgstekla","Подставки под полиграфическую продукцию из оргстекла","1.000","podstavki-pod-tovary-iz-orgstekla","Подставки под товары из оргстекла","0.667","podstavki-pod-kruzhku","Подставки под кружку","0.500","",""
"https://comint.by/info-pos/podstavki-tovary/","Подставки под товары из оргстекла","231","podstavki-pod-tovary-iz-orgstekla","Подставки под товары из оргстекла","1.000","podstavki-pod-poligraficheskuyu-produktsiyu-iz-orgstekla","Подставки под полиграфическую продукцию из оргстекла","0.667","podstavki-pod-kruzhku","Подставки под кружку","0.571","",""
"https://comint.by/info-pos/pos-materialy/","Pos материалы","289","pos-materialy","POS-материалы","1.000","razdatochnye-materialy","Раздаточные материалы","0.500","akrilovye-paneli","Акриловые панели","0.000","",""
"https://comint.by/info-pos/reklamnye-stoppery/","Рекламные стопперы","71","reklamnye-stoppery","Рекламные стопперы","1.000","reklamnye-voblery","Рекламные воблеры","0.500","reklamnye-shtendery","Рекламные штендеры","0.500","",""
"https://comint.by/info-pos/reklamnye-voblery/","Рекламные воблеры","163","reklamnye-voblery","Рекламные воблеры","1.000","reklamnye-stoppery","Рекламные стопперы","0.500","reklamnye-shtendery","Рекламные штендеры","0.500","",""
"https://comint.by/info-pos/reklamnyie-ukazateli/","Информационные и рекламные указатели, навигация в торговом зале","63","informatsionnye-i-reklamnye-ukazateli-navigatsiya-v-torgovom-zale","Информационные и рекламные указатели, навигация в торговом зале","1.000","informatsionnye-stendy","Информационные стенды","0.250","reklamnye-voblery","Рекламные воблеры","0.250","",""
"https://comint.by/info-pos/rostovye-figury-hardpostery-tantamareski/","Ростовые фигуры, хардпостеры, тантамарески","357","rostovye-figury-hardpostery-tantamareski","Ростовые фигуры, хардпостеры, тантамарески","1.000","akrilovye-paneli","Акриловые панели","0.000","bloki-dlya-zapisey-kub-bloki","Блоки для записей, куб-блоки","0.000","",""
"https://comint.by/info-stendyi-tablichki/informaczionnye-stendy/","Информационные стенды","149","informatsionnye-stendy","Информационные стенды","1.000","pop-up-stendy","Pop up стенды","0.500","roll-up-stendy","Roll up стенды","0.500","",""
"https://comint.by/info-stendyi-tablichki/ofisnyie-tablichki/","Вывески таблички для кабинетов, офисные таблички","289","vyveski-i-tablichki-dlya-kabinetov-ofisnye-tablichki","Вывески и таблички для кабинетов / офисные таблички","1.000","skinali-dlya-kuhni","Скинали для кухни","0.250","suveniry-dlya-medrabotnikov","Сувениры для медработников","0.250","",""
"https://comint.by/mobilnoe-reklamnoe-oborudovanie/bukletnicy/","Буклетницы напольные и стойки для буклетов","305","bukletnitsy-napolnye-i-stoyki-dlya-bukletov","Буклетницы напольные и стойки для буклетов","1.000","napolnye-nakleyki","Напольные наклейки","0.286","skinali-dlya-kuhni","Скинали для кухни","0.250","",""
"https://comint.by/mobilnoe-reklamnoe-oborudovanie/fold-up/","Fold-up (Фолд-ап) стенды-ширмы","209","fold-up-stendy-shirmy","Fold-up стенды-ширмы","0.857","informatsionnye-stendy","Информационные стенды","0.333","pop-up-stendy","Pop up стенды","0.333","",""
"https://comint.by/mobilnoe-reklamnoe-oborudovanie/mobilnye-stendy/","Баннеры мобильные","455","mobilnye-bannery","Мобильные баннеры","1.000","reklamnye-bannery-rastyazhki","Рекламные баннеры-растяжки","0.400","mobilnye-vystavochnye-konstruktsii-dlya-stendov","Мобильные выставочные конструкции для стендов","0.286","",""
"https://comint.by/mobilnoe-reklamnoe-oborudovanie/pop-up-stendy/","Pop up стенды (Поп Ап Системы)","161","pop-up-stendy","Pop up стенды","0.827","informatsionnye-stendy","Информационные стенды","0.333","roll-up-stendy","Roll up стенды","0.333","",""
"https://comint.by/mobilnoe-reklamnoe-oborudovanie/promo-stojki/","Изготовление промо-стоек и промо-столов","396","izgotovlenie-promo-stoek-i-promo-stolov","Изготовление промо-стоек и промо-столов","1.000","izgotovlenie-birok-i-yarlykov","Изготовление бирок и ярлыков","0.286","izgotovlenie-znakov-bezopasnosti","Изготовление знаков безопасности","0.286","",""
"https://comint.by/mobilnoe-reklamnoe-oborudovanie/roll-ap-stendy/","Roll up (Ролл ап) стенды","242","roll-up-stendy","Roll up стенды","0.800","informatsionnye-stendy","Информационные стенды","0.400","pop-up-stendy","Pop up стенды","0.400","",""
"https://comint.by/naruzhnaya-reklama/fasadnye-tablichki/","Изготовление фасадных табличек и информационных указателей","54","izgotovlenie-fasadnyh-tablichek-i-informatsionnyh-ukazateley","Изготовление фасадных табличек и информационных указателей","1.000","izgotovlenie-birok-i-yarlykov","Изготовление бирок и ярлыков","0.250","izgotovlenie-znakov-bezopasnosti","Изготовление знаков безопасности","0.250","",""
"https://comint.by/naruzhnaya-reklama/obemnye-bukvy/","Изготовление световых объемных букв","215","izgotovlenie-svetovyh-obemnyh-bukv","Изготовление световых объемных букв","1.000","izgotovlenie-birok-i-yarlykov","Изготовление бирок и ярлыков","0.286","izgotovlenie-znakov-bezopasnosti","Изготовление знаков безопасности","0.286","",""
"https://comint.by/naruzhnaya-reklama/oformlenie-naruzhnoj-reklamy/","Оформление паспорта наружной рекламы","114","oformlenie-pasporta-naruzhnoy-reklamy","Оформление паспорта наружной рекламы","1.000","oformlenie-vitrin-magazinov-reklama-na-vitrinah","Оформление витрин магазинов, реклама на витринах","0.222","oformlenie-i-okleyka-vystavochnyh-stendov-grafikoy","Оформление и оклейка выставочных стендов графикой","0.222","",""
"https://comint.by/naruzhnaya-reklama/oformlenie-vitrin-minsk/","Оформление витрин магазинов, реклама на витринах","110","oformlenie-vitrin-magazinov-reklama-na-vitrinah","Оформление витрин магазинов, реклама на витринах","1.000","oformlenie-pasporta-naruzhnoy-reklamy","Оформление паспорта наружной рекламы","0.222","oformlenie-i-okleyka-vystavochnyh-stendov-grafikoy","Оформление и оклейка выставочных стендов графикой","0.200","",""
"https://comint.by/naruzhnaya-reklama/pilony/","Изготовление рекламных пилонов","98","izgotovlenie-reklamnyh-pilonov","Изготовление рекламных пилонов","1.000","izgotovlenie-reklamnyh-mobaylov","Изготовление рекламных мобайлов","0.667","izgotovlenie-naruzhnyh-reklamnyh-vyvesok","Изготовление наружных рекламных вывесок","0.571","",""
"https://comint.by/naruzhnaya-reklama/shtender/","Штендер рекламный","103","akrilovye-paneli","Акриловые панели","0.000","bloki-dlya-zapisey-kub-bloki","Блоки для записей, куб-блоки","0.000","breloki-s-logotipom","Брелоки с логотипом","0.000","",""
"https://comint.by/naruzhnaya-reklama/svetovye-koroba/","Световые короба (лайтбоксы)","202","svetovye-koroba-laytboksy","Световые короба / лайтбоксы","1.000","akrilovye-paneli","Акриловые панели","0.000","bloki-dlya-zapisey-kub-bloki","Блоки для записей, куб-блоки","0.000","",""
"https://comint.by/naruzhnaya-reklama/vyveski/","Изготовление наружных рекламных вывесок","116","izgotovlenie-naruzhnyh-reklamnyh-vyvesok","Изготовление наружных рекламных вывесок","1.000","izgotovlenie-reklamnyh-mobaylov","Изготовление рекламных мобайлов","0.571","izgotovlenie-reklamnyh-pilonov","Изготовление рекламных пилонов","0.571","",""
"https://comint.by/odezhda-i-tekstil/pechat-na-tkani-i-sumkah/","Печать на ткани","225","pechat-na-tkani","Печать на ткани","1.000","uf-pechat","УФ печать","0.667","pechat-bannerov","Печать баннеров","0.500","",""
"https://comint.by/oformlenie-vystavok/dizajn-expo-stendov/","Дизайн и проектирование выставочных стендов","486","dizayn-i-proektirovanie-vystavochnyh-stendov","Дизайн и проектирование выставочных стендов","1.000","oformlenie-i-okleyka-vystavochnyh-stendov-grafikoy","Оформление и оклейка выставочных стендов графикой","0.444","dizayn-poligrafii","Дизайн полиграфии","0.333","",""
"https://comint.by/oformlenie-vystavok/expo-komplex/","Спецпредложение «Выставка под  ключ»","216","spetspredlozhenie-vystavka-pod-klyuch","Спецпредложение «Выставка под ключ»","1.000","podstavki-pod-kruzhku","Подставки под кружку","0.286","podstavki-pod-tovary-iz-orgstekla","Подставки под товары из оргстекла","0.250","",""
"https://comint.by/oformlenie-vystavok/mobilnye-expo-konstrukcii/","Мобильные выставочные конструкции для стендов","84","mobilnye-vystavochnye-konstruktsii-dlya-stendov","Мобильные выставочные конструкции для стендов","1.000","mobilnye-bannery","Мобильные баннеры","0.286","skinali-dlya-kuhni","Скинали для кухни","0.250","",""
"https://comint.by/oformlenie-vystavok/oformlenie-expo-stendov/","Оформление и оклейка выставочных  стендов графикой","145","oformlenie-i-okleyka-vystavochnyh-stendov-grafikoy","Оформление и оклейка выставочных стендов графикой","1.000","dizayn-i-proektirovanie-vystavochnyh-stendov","Дизайн и проектирование выставочных стендов","0.444","oformlenie-pasporta-naruzhnoy-reklamy","Оформление паспорта наружной рекламы","0.222","",""
"https://comint.by/pechat-i-izgotovlenie-kalendarej/karmannye-kalendari/","Карманные календари","155","karmannye-kalendari","Карманные календари","1.000","zerkala-karmannye","Зеркала карманные","0.500","kvartalnye-kalendari","Квартальные календари","0.500","",""
"https://comint.by/pechat-i-izgotovlenie-kalendarej/kvartalnye-kalendari/","Квартальные календари","51","kvartalnye-kalendari","Квартальные календари","1.000","karmannye-kalendari","Карманные календари","0.500","nastolnye-kalendari-domiki","Настольные календари-домики","0.400","",""
"https://comint.by/pechat-i-izgotovlenie-kalendarej/nastolnye-kalendari-domiki/","Настольные календари-домики","147","nastolnye-kalendari-domiki","Настольные календари-домики","1.000","karmannye-kalendari","Карманные календари","0.400","kvartalnye-kalendari","Квартальные календари","0.400","",""
"https://comint.by/pechat-i-izgotovlenie-kalendarej/perekidnye-nastennye-kalendari/","Перекидные настенные календари","152","perekidnye-nastennye-kalendari","Перекидные настенные календари","1.000","karmannye-kalendari","Карманные календари","0.400","kvartalnye-kalendari","Квартальные календари","0.400","",""
"https://comint.by/reklama-na-transporte/naklejki-na-avto/","Наклейки на авто","136","nakleyki-na-avto","Наклейки на авто","1.000","napolnye-nakleyki","Напольные наклейки","0.500","plotternye-nakleyki","Плоттерные наклейки","0.500","",""
"https://comint.by/samokleyushhayasya-produkcziya/etiketki/","Самоклеящиеся этикетки","158","samokleyaschiesya-etiketki","Самоклеящиеся этикетки","1.000","samokleyaschiesya-trafarety","Самоклеящиеся трафареты","0.500","akrilovye-paneli","Акриловые панели","0.000","",""
"https://comint.by/samokleyushhayasya-produkcziya/garantijnye-plomby-pechatnye/","Гарантийные пломбы печатные","198","garantiynye-plomby-pechatnye","Гарантийные пломбы печатные","1.000","garantiynye-talony","Гарантийные талоны","0.400","akrilovye-paneli","Акриловые панели","0.000","",""
"https://comint.by/samokleyushhayasya-produkcziya/izgotovlenie-znakov-bezopasnosti/","Изготовление знаков безопасности","219","izgotovlenie-znakov-bezopasnosti","Изготовление знаков безопасности","1.000","izgotovlenie-birok-i-yarlykov","Изготовление бирок и ярлыков","0.333","izgotovlenie-i-pechat-beydzhey","Изготовление и печать бейджей","0.333","",""
"https://comint.by/samokleyushhayasya-produkcziya/naklejka-iz-bymagi/","Печать наклеек из самоклеящейся бумаги","220","pechat-nakleek-iz-samokleyascheysya-bumagi","Печать наклеек из самоклеящейся бумаги","1.000","izgotovlenie-i-pechat-nakleek-na-samokleyuscheysya-plenke","Изготовление и печать наклеек на самоклеющейся пленке","0.444","uf-pechat","УФ печать","0.400","",""
"https://comint.by/samokleyushhayasya-produkcziya/naklejki_plotter/","Плоттерные наклейки","79","plotternye-nakleyki","Плоттерные наклейки","1.000","nakleyki-na-avto","Наклейки на авто","0.500","napolnye-nakleyki","Напольные наклейки","0.500","",""
"https://comint.by/samokleyushhayasya-produkcziya/naklejki-na-pol/","Напольные наклейки","214","napolnye-nakleyki","Напольные наклейки","1.000","nakleyki-na-avto","Наклейки на авто","0.500","plotternye-nakleyki","Плоттерные наклейки","0.500","",""
"https://comint.by/samokleyushhayasya-produkcziya/naklejki-print/","Изготовление и печать наклеек на самоклеющейся пленке","67","izgotovlenie-i-pechat-nakleek-na-samokleyuscheysya-plenke","Изготовление и печать наклеек на самоклеющейся пленке","1.000","izgotovlenie-i-pechat-beydzhey","Изготовление и печать бейджей","0.500","izgotovlenie-i-pechat-vizitok","Изготовление и печать визиток","0.500","",""
"https://comint.by/samokleyushhayasya-produkcziya/plotternaya-rezka/","Услуги плоттерной резки","77","uslugi-plotternoy-rezki","Услуги плоттерной резки","1.000","akrilovye-paneli","Акриловые панели","0.000","bloki-dlya-zapisey-kub-bloki","Блоки для записей, куб-блоки","0.000","",""
"https://comint.by/samokleyushhayasya-produkcziya/trafarety/","Самоклеящиеся трафареты","296","samokleyaschiesya-trafarety","Самоклеящиеся трафареты","1.000","samokleyaschiesya-etiketki","Самоклеящиеся этикетки","0.500","trafarety-dlya-dekora","Трафареты для декора","0.400","",""
"https://comint.by/shirokoformatnaya-pechat/bannery/","Печать баннеров в Минске","395","pechat-bannerov","Печать баннеров","0.960","uf-pechat","УФ печать","0.500","pechat-broshyur","Печать брошюр","0.400","",""
"https://comint.by/shirokoformatnaya-pechat/flagi/","Печать флагов, вымпелов, знамен в Минске","337","pechat-flagov-vympelov-znamen","Печать флагов, вымпелов, знамен","1.000","uf-pechat","УФ печать","0.333","pechat-bannerov","Печать баннеров","0.286","",""
"https://comint.by/shirokoformatnaya-pechat/fonyi-pressvolyi/","Пресс волл (press wall), брендволл, пресс стена, фоны, декорации","142","press-voll-brendvoll-press-stena-fony-dekoratsii","Пресс-волл / брендволл / пресс-стена / фоны / декорации","0.857","akrilovye-paneli","Акриловые панели","0.000","bloki-dlya-zapisey-kub-bloki","Блоки для записей, куб-блоки","0.000","",""
"https://comint.by/shirokoformatnaya-pechat/reklamnye-bannery-rastyazhki/","Рекламные баннеры-растяжки","463","reklamnye-bannery-rastyazhki","Рекламные баннеры-растяжки","1.000","mobilnye-bannery","Мобильные баннеры","0.400","reklamnye-voblery","Рекламные воблеры","0.400","",""
"https://comint.by/shirokoformatnaya-pechat/setka/","Строительная сетка для ограждения","259","stroitelnaya-setka-dlya-ograzhdeniya","Строительная сетка для ограждения","1.000","skinali-dlya-kuhni","Скинали для кухни","0.286","suveniry-dlya-medrabotnikov","Сувениры для медработников","0.286","",""
"https://comint.by/suveniryi/breloki-s-logotipom/","Брелоки с логотипом","131","breloki-s-logotipom","Брелоки с логотипом","1.000","zazhigalki-s-logotipom","Зажигалки с логотипом","0.500","kepki-s-logotipom","Кепки с логотипом","0.500","",""
"https://comint.by/suveniryi/bumazhnyie-paketyi/","Фирменные бумажные пакеты с логотипом","132","firmennye-bumazhnye-pakety-s-logotipom","Фирменные бумажные пакеты с логотипом","1.000","polietilenovye-pakety-s-logotipom","Полиэтиленовые пакеты с логотипом","0.571","firmennye-konverty-s-logotipom","Фирменные конверты с логотипом","0.571","",""
"https://comint.by/suveniryi/chasy/","Сувенирные настенные часы с логотипом компании","147","suvenirnye-nastennye-chasy-s-logotipom-kompanii","Сувенирные настенные часы с логотипом компании","1.000","breloki-s-logotipom","Брелоки с логотипом","0.286","zazhigalki-s-logotipom","Зажигалки с логотипом","0.286","",""
"https://comint.by/suveniryi/eko-sumki/","Печать на тканевых сумках","108","pechat-na-tkanevyh-sumkah","Печать на тканевых сумках","1.000","uf-pechat","УФ печать","0.500","pechat-bannerov","Печать баннеров","0.400","",""
"https://comint.by/suveniryi/ezhednevniki/","Ежедневники и планинги с логотипом на заказ","107","ezhednevniki-i-planingi-s-logotipom","Ежедневники и планинги с логотипом","1.000","breloki-s-logotipom","Брелоки с логотипом","0.333","zazhigalki-s-logotipom","Зажигалки с логотипом","0.333","",""
"https://comint.by/suveniryi/firmennyie-kruzhki/","Печать на кружках","164","pechat-na-kruzhkah","Печать на кружках","1.000","uf-pechat","УФ печать","0.667","pechat-bannerov","Печать баннеров","0.500","",""
"https://comint.by/suveniryi/flazhki/","Тканевые, баннерные и бумажные флажки","20","tkanevye-bannernye-i-bumazhnye-flazhki","Тканевые, баннерные и бумажные флажки","1.000","firmennye-bumazhnye-pakety-s-logotipom","Фирменные бумажные пакеты с логотипом","0.250","akrilovye-paneli","Акриловые панели","0.000","",""
"https://comint.by/suveniryi/fleshki-s-logotipom/","Флешки с логотипом","179","fleshki-s-logotipom","Флешки с логотипом","1.000","breloki-s-logotipom","Брелоки с логотипом","0.500","zazhigalki-s-logotipom","Зажигалки с логотипом","0.500","",""
"https://comint.by/suveniryi/kartonnye-korobki-i-pakety-dlya-upakovki/","Картонные коробки и пакеты для упаковки","70","kartonnye-korobki-i-pakety-dlya-upakovki","Картонные коробки и пакеты для упаковки","1.000","polietilenovye-pakety-s-logotipom","Полиэтиленовые пакеты с логотипом","0.250","skinali-dlya-kuhni","Скинали для кухни","0.250","",""
"https://comint.by/suveniryi/kepki/","Кепки с логотипом: печать и изготовление","57","kepki-s-logotipom","Кепки с логотипом","0.827","izgotovlenie-i-pechat-bloknotov-s-logotipom","Изготовление и печать блокнотов с логотипом","0.750","izgotovlenie-i-pechat-beydzhey","Изготовление и печать бейджей","0.571","",""
"https://comint.by/suveniryi/kovriki-dlya-myishi/","Коврики для мыши: печать логотипа","117","kovriki-dlya-myshi-s-pechatyu-logotipa","Коврики для мыши с печатью логотипа","0.800","uf-pechat","УФ печать","0.333","pechat-bannerov","Печать баннеров","0.286","",""
"https://comint.by/suveniryi/pazlyi/","Печать логотипов на пазлах по индивидуальному дизайну","173","pechat-logotipov-na-pazlah","Печать логотипов на пазлах","0.910","uf-pechat","УФ печать","0.333","pechat-bannerov","Печать баннеров","0.286","",""
"https://comint.by/suveniryi/pechat-na-magnitax1/","Печать на магнитах","71","pechat-na-magnitah","Печать на магнитах","1.000","uf-pechat","УФ печать","0.667","pechat-bannerov","Печать баннеров","0.500","",""
"https://comint.by/suveniryi/podarochnyie-naboryi/","Подарочные наборы","291","podarochnye-nabory","Подарочные наборы","1.000","akrilovye-paneli","Акриловые панели","0.000","bloki-dlya-zapisey-kub-bloki","Блоки для записей, куб-блоки","0.000","",""
"https://comint.by/suveniryi/podstavki-iz-probki/","Подставки под кружку","361","podstavki-pod-kruzhku","Подставки под кружку","1.000","podstavki-pod-tovary-iz-orgstekla","Подставки под товары из оргстекла","0.571","podstavki-pod-poligraficheskuyu-produktsiyu-iz-orgstekla","Подставки под полиграфическую продукцию из оргстекла","0.500","",""
"https://comint.by/suveniryi/polietilenovyie-paketyi/","Полиэтиленовые пакеты с логотипом","195","polietilenovye-pakety-s-logotipom","Полиэтиленовые пакеты с логотипом","1.000","firmennye-bumazhnye-pakety-s-logotipom","Фирменные бумажные пакеты с логотипом","0.571","breloki-s-logotipom","Брелоки с логотипом","0.400","",""
"https://comint.by/suveniryi/ruchki-s-logotipom/","Ручки с логотипом","114","ruchki-s-logotipom","Ручки с логотипом","1.000","breloki-s-logotipom","Брелоки с логотипом","0.500","zazhigalki-s-logotipom","Зажигалки с логотипом","0.500","",""
"https://comint.by/suveniryi/suveniry-dlya-medrabotnikov/","Сувениры для медработников","48","suveniry-dlya-medrabotnikov","Сувениры для медработников","1.000","skinali-dlya-kuhni","Скинали для кухни","0.333","trafarety-dlya-dekora","Трафареты для декора","0.333","",""
"https://comint.by/suveniryi/tarelki/","Печать на тарелках","30","pechat-na-tarelkah","Печать на тарелках","1.000","uf-pechat","УФ печать","0.667","pechat-bannerov","Печать баннеров","0.500","",""
"https://comint.by/suveniryi/uf-pechat-v-minske/","УФ печать в Минске","227","uf-pechat","УФ печать","0.827","pechat-bannerov","Печать баннеров","0.500","pechat-broshyur","Печать брошюр","0.500","",""
"https://comint.by/suveniryi/zazhigalki/","Зажигалки с логотипом","0","zazhigalki-s-logotipom","Зажигалки с логотипом","1.000","breloki-s-logotipom","Брелоки с логотипом","0.500","kepki-s-logotipom","Кепки с логотипом","0.500","",""
"https://comint.by/suveniryi/zerkala-karmannye/","Зеркала карманные","126","zerkala-karmannye","Зеркала карманные","1.000","karmannye-kalendari","Карманные календари","0.500","akrilovye-paneli","Акриловые панели","0.000","",""
